DateTime,Junction,Vehicle_Count,Avg_Speed_kmph,Dominant_Vehicle_Type,Record_ID
2025-05-01 00:00:00,5,21,23.98,Van,202505010000
2025-05-01 00:15:00,1,5,36.06,Van,202505010016
2025-05-01 00:30:00,6,40,64.35,Van,202505010032
2025-05-01 00:45:00,3,38,16.48,Truck,202505010048
2025-05-01 01:00:00,4,19,38.24,Car,202505010104
2025-05-01 01:15:00,6,12,38.99,Motorcycle,202505010120
2025-05-01 01:30:00,1,7,41.41,Bicycle,202505010136
2025-05-01 01:45:00,5,6,59.56,Bicycle,202505010152
2025-05-01 02:00:00,2,20,57.91,Truck,202505010208
2025-05-01 02:15:00,4,7,27.26,Motorcycle,202505010224
2025-05-01 02:30:00,3,34,39.44,Van,202505010240
2025-05-01 02:45:00,2,20,21.99,Van,202505010256
2025-05-01 03:00:00,5,30,40.96,Bus,202505010312
2025-05-01 03:15:00,5,30,46.83,Van,202505010328
2025-05-01 03:30:00,5,15,58.01,Car,202505010344
2025-05-01 03:45:00,6,28,24.25,Car,202505010360
2025-05-01 04:00:00,3,34,20.01,Bus,202505010416
2025-05-01 04:15:00,2,34,44.71,Bus,202505010432
2025-05-01 04:30:00,4,8,51.72,Motorcycle,202505010448
2025-05-01 04:45:00,6,30,43.38,Car,202505010464
2025-05-01 05:00:00,3,27,22.68,Car,202505010520
2025-05-01 05:15:00,2,10,60.29,Car,202505010536
2025-05-01 05:30:00,4,5,47.01,Bus,202505010552
2025-05-01 05:45:00,4,15,49.51,Motorcycle,202505010568
2025-05-01 06:00:00,1,30,41.96,Motorcycle,202505010624
2025-05-01 06:15:00,4,19,31.86,Car,202505010640
2025-05-01 06:30:00,3,16,31.02,Car,202505010656
2025-05-01 06:45:00,1,18,62.88,Bus,202505010672
2025-05-01 07:00:00,1,14,64.03,Bicycle,202505010728
2025-05-01 07:15:00,5,24,25.9,Truck,202505010744
2025-05-01 07:30:00,4,36,54.88,Bicycle,202505010760
2025-05-01 07:45:00,3,19,55.96,Bicycle,202505010776
2025-05-01 08:00:00,1,35,18.15,Bus,202505010832
2025-05-01 08:15:00,6,7,38.68,Bicycle,202505010848
2025-05-01 08:30:00,6,13,61.18,Van,202505010864
2025-05-01 08:45:00,2,24,68.1,Van,202505010880
2025-05-01 09:00:00,5,16,45.06,Bus,202505010936
2025-05-01 09:15:00,4,14,31.35,Bus,202505010952
2025-05-01 09:30:00,1,23,20.72,Car,202505010968
2025-05-01 09:45:00,1,31,67.43,Car,202505010984
2025-05-01 10:00:00,1,33,36.09,Bus,202505011040
2025-05-01 10:15:00,1,32,19.16,Truck,202505011056
2025-05-01 10:30:00,6,17,40.13,Van,202505011072
2025-05-01 10:45:00,4,35,15.25,Motorcycle,202505011088
2025-05-01 11:00:00,1,5,44.58,Bicycle,202505011144
2025-05-01 11:15:00,4,30,29.14,Van,202505011160
2025-05-01 11:30:00,6,29,51.47,Truck,202505011176
2025-05-01 11:45:00,1,14,38.21,Motorcycle,202505011192
2025-05-01 12:00:00,2,13,38.31,Bus,202505011248
2025-05-01 12:15:00,4,24,26.54,Truck,202505011264
2025-05-01 12:30:00,6,29,62.92,Car,202505011280
2025-05-01 12:45:00,3,23,54.76,Motorcycle,202505011296
2025-05-01 13:00:00,5,17,62.57,Van,202505011352
2025-05-01 13:15:00,4,30,28.09,Truck,202505011368
2025-05-01 13:30:00,4,5,40.95,Car,202505011384
2025-05-01 13:45:00,4,39,41.01,Motorcycle,202505011400
2025-05-01 14:00:00,5,31,34.87,Motorcycle,202505011456
2025-05-01 14:15:00,2,25,38.0,Car,202505011472
2025-05-01 14:30:00,1,39,25.75,Van,202505011488
2025-05-01 14:45:00,6,32,25.07,Bicycle,202505011504
2025-05-01 15:00:00,2,26,36.05,Motorcycle,202505011560
2025-05-01 15:15:00,1,6,69.12,Motorcycle,202505011576
2025-05-01 15:30:00,6,10,51.28,Bicycle,202505011592
2025-05-01 15:45:00,1,14,23.15,Van,202505011608
2025-05-01 16:00:00,5,5,37.34,Motorcycle,202505011664
2025-05-01 16:15:00,3,14,32.47,Motorcycle,202505011680
2025-05-01 16:30:00,4,17,34.66,Car,202505011696
2025-05-01 16:45:00,5,22,69.05,Motorcycle,202505011712
2025-05-01 17:00:00,1,40,17.59,Car,202505011768
2025-05-01 17:15:00,4,9,24.55,Motorcycle,202505011784
2025-05-01 17:30:00,5,12,38.72,Bus,202505011800
2025-05-01 17:45:00,2,30,65.6,Motorcycle,202505011816
2025-05-01 18:00:00,1,36,53.34,Truck,202505011872
2025-05-01 18:15:00,3,33,15.63,Bicycle,202505011888
2025-05-01 18:30:00,2,34,32.69,Car,202505011904
2025-05-01 18:45:00,4,20,19.68,Truck,202505011920
2025-05-01 19:00:00,1,21,47.62,Motorcycle,202505011976
2025-05-01 19:15:00,2,5,65.1,Bicycle,202505011992
2025-05-01 19:30:00,4,30,15.37,Van,202505012008
2025-05-01 19:45:00,1,28,21.67,Motorcycle,202505012024
2025-05-01 20:00:00,1,23,29.63,Van,202505012080
2025-05-01 20:15:00,6,21,31.46,Bicycle,202505012096
2025-05-01 20:30:00,6,10,27.99,Motorcycle,202505012112
2025-05-01 20:45:00,3,22,34.0,Truck,202505012128
2025-05-01 21:00:00,6,40,48.28,Car,202505012184
2025-05-01 21:15:00,2,40,66.53,Van,202505012200
2025-05-01 21:30:00,2,16,65.85,Bus,202505012216
2025-05-01 21:45:00,2,16,36.12,Bicycle,202505012232
2025-05-01 22:00:00,3,5,52.27,Bus,202505012288
2025-05-01 22:15:00,1,38,45.54,Bus,202505012304
2025-05-01 22:30:00,3,24,54.61,Car,202505012320
2025-05-01 22:45:00,1,13,42.15,Van,202505012336
2025-05-01 23:00:00,6,32,49.26,Van,202505012392
2025-05-01 23:15:00,1,33,34.18,Truck,202505012408
2025-05-01 23:30:00,3,19,61.71,Van,202505012424
2025-05-01 23:45:00,5,35,54.14,Motorcycle,202505012440
2025-05-02 00:00:00,5,38,60.43,Motorcycle,202505020096
2025-05-02 00:15:00,5,34,26.01,Van,202505020112
2025-05-02 00:30:00,4,23,21.0,Truck,202505020128
2025-05-02 00:45:00,1,36,17.67,Bus,202505020144
2025-05-02 01:00:00,4,11,20.55,Bus,202505020200
2025-05-02 01:15:00,1,39,22.26,Truck,202505020216
2025-05-02 01:30:00,6,22,40.73,Motorcycle,202505020232
2025-05-02 01:45:00,4,13,60.98,Car,202505020248
2025-05-02 02:00:00,1,37,65.68,Truck,202505020304
2025-05-02 02:15:00,4,22,53.95,Van,202505020320
2025-05-02 02:30:00,6,17,58.54,Bicycle,202505020336
2025-05-02 02:45:00,2,13,67.71,Bicycle,202505020352
2025-05-02 03:00:00,6,25,40.06,Car,202505020408
2025-05-02 03:15:00,4,38,39.65,Motorcycle,202505020424
2025-05-02 03:30:00,6,33,26.97,Van,202505020440
2025-05-02 03:45:00,1,6,28.74,Van,202505020456
2025-05-02 04:00:00,4,39,21.03,Bicycle,202505020512
2025-05-02 04:15:00,5,7,19.47,Motorcycle,202505020528
2025-05-02 04:30:00,3,31,41.04,Bus,202505020544
2025-05-02 04:45:00,3,6,58.27,Van,202505020560
2025-05-02 05:00:00,4,37,67.15,Car,202505020616
2025-05-02 05:15:00,3,15,29.66,Bus,202505020632
2025-05-02 05:30:00,4,5,18.72,Car,202505020648
2025-05-02 05:45:00,5,40,42.18,Car,202505020664
2025-05-02 06:00:00,1,23,46.48,Car,202505020720
2025-05-02 06:15:00,5,22,38.05,Bus,202505020736
2025-05-02 06:30:00,3,6,40.84,Bus,202505020752
2025-05-02 06:45:00,3,22,32.67,Bus,202505020768
2025-05-02 07:00:00,1,17,66.73,Van,202505020824
2025-05-02 07:15:00,5,12,45.88,Motorcycle,202505020840
2025-05-02 07:30:00,2,23,24.4,Bus,202505020856
2025-05-02 07:45:00,5,21,64.22,Van,202505020872
2025-05-02 08:00:00,2,12,22.69,Van,202505020928
2025-05-02 08:15:00,6,31,27.02,Bicycle,202505020944
2025-05-02 08:30:00,1,15,68.18,Motorcycle,202505020960
2025-05-02 08:45:00,1,29,29.54,Bus,202505020976
2025-05-02 09:00:00,4,26,43.39,Truck,202505021032
2025-05-02 09:15:00,2,11,40.23,Motorcycle,202505021048
2025-05-02 09:30:00,2,33,34.63,Bus,202505021064
2025-05-02 09:45:00,3,6,65.69,Motorcycle,202505021080
2025-05-02 10:00:00,6,31,51.36,Van,202505021136
2025-05-02 10:15:00,5,16,44.64,Motorcycle,202505021152
2025-05-02 10:30:00,3,31,22.73,Bicycle,202505021168
2025-05-02 10:45:00,5,28,62.76,Bicycle,202505021184
2025-05-02 11:00:00,4,29,47.15,Car,202505021240
2025-05-02 11:15:00,2,18,31.1,Bus,202505021256
2025-05-02 11:30:00,3,20,41.67,Bus,202505021272
2025-05-02 11:45:00,1,18,56.13,Car,202505021288
2025-05-02 12:00:00,1,40,64.81,Truck,202505021344
2025-05-02 12:15:00,3,16,24.12,Van,202505021360
2025-05-02 12:30:00,5,30,37.66,Bicycle,202505021376
2025-05-02 12:45:00,4,19,43.27,Motorcycle,202505021392
2025-05-02 13:00:00,6,19,36.82,Bicycle,202505021448
2025-05-02 13:15:00,3,37,57.91,Bicycle,202505021464
2025-05-02 13:30:00,1,11,26.97,Bicycle,202505021480
2025-05-02 13:45:00,3,19,36.67,Truck,202505021496
2025-05-02 14:00:00,3,31,41.27,Truck,202505021552
2025-05-02 14:15:00,3,5,18.68,Car,202505021568
2025-05-02 14:30:00,6,39,20.47,Bus,202505021584
2025-05-02 14:45:00,1,5,29.84,Bicycle,202505021600
2025-05-02 15:00:00,6,29,23.96,Truck,202505021656
2025-05-02 15:15:00,1,25,47.1,Motorcycle,202505021672
2025-05-02 15:30:00,4,39,67.79,Bicycle,202505021688
2025-05-02 15:45:00,4,11,69.29,Car,202505021704
2025-05-02 16:00:00,6,32,64.94,Car,202505021760
2025-05-02 16:15:00,4,11,61.15,Truck,202505021776
2025-05-02 16:30:00,5,21,36.56,Van,202505021792
2025-05-02 16:45:00,6,14,42.25,Bicycle,202505021808
2025-05-02 17:00:00,3,11,48.92,Van,202505021864
2025-05-02 17:15:00,5,9,44.95,Bus,202505021880
2025-05-02 17:30:00,2,38,18.29,Car,202505021896
2025-05-02 17:45:00,1,39,37.16,Car,202505021912
2025-05-02 18:00:00,3,23,34.26,Van,202505021968
2025-05-02 18:15:00,1,39,22.53,Bus,202505021984
2025-05-02 18:30:00,4,9,37.7,Truck,202505022000
2025-05-02 18:45:00,4,30,52.91,Bicycle,202505022016
2025-05-02 19:00:00,6,7,15.52,Bus,202505022072
2025-05-02 19:15:00,4,14,31.75,Motorcycle,202505022088
2025-05-02 19:30:00,5,13,68.86,Truck,202505022104
2025-05-02 19:45:00,3,24,46.69,Bicycle,202505022120
2025-05-02 20:00:00,2,35,67.27,Motorcycle,202505022176
2025-05-02 20:15:00,5,30,50.75,Bus,202505022192
2025-05-02 20:30:00,6,20,62.64,Bus,202505022208
2025-05-02 20:45:00,3,36,47.56,Motorcycle,202505022224
2025-05-02 21:00:00,2,5,64.57,Van,202505022280
2025-05-02 21:15:00,6,33,47.51,Bus,202505022296
2025-05-02 21:30:00,1,19,55.56,Bus,202505022312
2025-05-02 21:45:00,1,40,67.87,Van,202505022328
2025-05-02 22:00:00,1,27,31.85,Truck,202505022384
2025-05-02 22:15:00,4,16,42.41,Car,202505022400
2025-05-02 22:30:00,6,16,56.86,Bicycle,202505022416
2025-05-02 22:45:00,1,22,55.2,Bicycle,202505022432
2025-05-02 23:00:00,1,19,15.01,Bicycle,202505022488
2025-05-02 23:15:00,6,11,19.07,Van,202505022504
2025-05-02 23:30:00,6,14,62.3,Bicycle,202505022520
2025-05-02 23:45:00,4,7,42.03,Van,202505022536
2025-05-03 00:00:00,3,38,58.02,Truck,202505030192
2025-05-03 00:15:00,2,6,37.13,Van,202505030208
2025-05-03 00:30:00,6,12,68.6,Motorcycle,202505030224
2025-05-03 00:45:00,6,20,41.97,Bicycle,202505030240
2025-05-03 01:00:00,6,24,38.77,Van,202505030296
2025-05-03 01:15:00,2,18,40.52,Truck,202505030312
2025-05-03 01:30:00,3,31,67.58,Car,202505030328
2025-05-03 01:45:00,4,34,26.2,Bicycle,202505030344
2025-05-03 02:00:00,5,21,33.33,Bus,202505030400
2025-05-03 02:15:00,1,17,51.18,Motorcycle,202505030416
2025-05-03 02:30:00,1,24,22.19,Motorcycle,202505030432
2025-05-03 02:45:00,2,21,19.01,Bicycle,202505030448
2025-05-03 03:00:00,1,35,40.22,Car,202505030504
2025-05-03 03:15:00,4,35,16.67,Bicycle,202505030520
2025-05-03 03:30:00,2,18,19.27,Bus,202505030536
2025-05-03 03:45:00,4,11,26.48,Motorcycle,202505030552
2025-05-03 04:00:00,5,40,33.42,Bus,202505030608
2025-05-03 04:15:00,2,11,56.94,Motorcycle,202505030624
2025-05-03 04:30:00,4,22,17.19,Motorcycle,202505030640
2025-05-03 04:45:00,1,11,30.89,Motorcycle,202505030656
2025-05-03 05:00:00,2,20,22.47,Motorcycle,202505030712
2025-05-03 05:15:00,1,19,52.04,Bus,202505030728
2025-05-03 05:30:00,6,40,43.11,Car,202505030744
2025-05-03 05:45:00,3,20,24.26,Bicycle,202505030760
2025-05-03 06:00:00,6,33,34.29,Bicycle,202505030816
2025-05-03 06:15:00,4,7,21.39,Van,202505030832
2025-05-03 06:30:00,4,13,25.58,Bicycle,202505030848
2025-05-03 06:45:00,6,29,26.3,Bicycle,202505030864
2025-05-03 07:00:00,2,27,30.34,Bus,202505030920
2025-05-03 07:15:00,5,14,44.69,Bicycle,202505030936
2025-05-03 07:30:00,3,23,39.07,Van,202505030952
2025-05-03 07:45:00,3,21,19.47,Bicycle,202505030968
2025-05-03 08:00:00,3,33,34.86,Bicycle,202505031024
2025-05-03 08:15:00,2,9,69.13,Car,202505031040
2025-05-03 08:30:00,2,5,33.56,Car,202505031056
2025-05-03 08:45:00,6,6,40.87,Car,202505031072
2025-05-03 09:00:00,5,17,61.77,Truck,202505031128
2025-05-03 09:15:00,2,21,28.41,Bus,202505031144
2025-05-03 09:30:00,1,38,49.01,Truck,202505031160
2025-05-03 09:45:00,1,25,55.92,Car,202505031176
2025-05-03 10:00:00,4,14,33.48,Car,202505031232
2025-05-03 10:15:00,6,39,48.9,Truck,202505031248
2025-05-03 10:30:00,4,31,51.95,Car,202505031264
2025-05-03 10:45:00,6,22,69.36,Motorcycle,202505031280
2025-05-03 11:00:00,3,14,50.34,Car,202505031336
2025-05-03 11:15:00,6,18,56.74,Truck,202505031352
2025-05-03 11:30:00,5,38,21.77,Motorcycle,202505031368
2025-05-03 11:45:00,6,14,20.64,Truck,202505031384
2025-05-03 12:00:00,2,25,62.32,Motorcycle,202505031440
2025-05-03 12:15:00,4,19,62.43,Motorcycle,202505031456
2025-05-03 12:30:00,2,30,18.77,Van,202505031472
2025-05-03 12:45:00,5,31,49.12,Truck,202505031488
2025-05-03 13:00:00,1,26,53.66,Van,202505031544
2025-05-03 13:15:00,6,28,45.72,Car,202505031560
2025-05-03 13:30:00,6,15,23.56,Motorcycle,202505031576
2025-05-03 13:45:00,6,36,64.77,Bicycle,202505031592
2025-05-03 14:00:00,2,17,55.85,Car,202505031648
2025-05-03 14:15:00,3,34,68.86,Bicycle,202505031664
2025-05-03 14:30:00,4,18,38.89,Bus,202505031680
2025-05-03 14:45:00,4,9,68.02,Bicycle,202505031696
2025-05-03 15:00:00,5,28,62.19,Bus,202505031752
2025-05-03 15:15:00,3,29,15.16,Bus,202505031768
2025-05-03 15:30:00,3,17,66.93,Van,202505031784
2025-05-03 15:45:00,2,5,33.37,Truck,202505031800
2025-05-03 16:00:00,3,26,30.52,Motorcycle,202505031856
2025-05-03 16:15:00,3,25,26.92,Truck,202505031872
2025-05-03 16:30:00,5,19,28.94,Car,202505031888
2025-05-03 16:45:00,4,16,39.4,Motorcycle,202505031904
2025-05-03 17:00:00,1,37,23.07,Car,202505031960
2025-05-03 17:15:00,2,21,17.69,Van,202505031976
2025-05-03 17:30:00,5,17,32.29,Bus,202505031992
2025-05-03 17:45:00,4,33,53.33,Bicycle,202505032008
2025-05-03 18:00:00,2,16,38.3,Motorcycle,202505032064
2025-05-03 18:15:00,6,40,17.09,Motorcycle,202505032080
2025-05-03 18:30:00,4,6,65.55,Bicycle,202505032096
2025-05-03 18:45:00,5,33,32.54,Motorcycle,202505032112
2025-05-03 19:00:00,2,35,34.18,Truck,202505032168
2025-05-03 19:15:00,3,30,54.88,Truck,202505032184
2025-05-03 19:30:00,6,36,22.72,Bicycle,202505032200
2025-05-03 19:45:00,2,34,46.68,Bicycle,202505032216
2025-05-03 20:00:00,3,15,41.58,Car,202505032272
2025-05-03 20:15:00,4,6,67.92,Van,202505032288
2025-05-03 20:30:00,5,38,57.86,Motorcycle,202505032304
2025-05-03 20:45:00,4,30,38.13,Motorcycle,202505032320
2025-05-03 21:00:00,4,12,32.85,Bus,202505032376
2025-05-03 21:15:00,5,25,33.07,Motorcycle,202505032392
2025-05-03 21:30:00,2,20,23.49,Bus,202505032408
2025-05-03 21:45:00,2,37,43.89,Van,202505032424
2025-05-03 22:00:00,2,21,44.27,Bicycle,202505032480
2025-05-03 22:15:00,1,19,64.05,Truck,202505032496
2025-05-03 22:30:00,2,39,50.78,Car,202505032512
2025-05-03 22:45:00,3,19,22.74,Motorcycle,202505032528
2025-05-03 23:00:00,6,21,25.81,Van,202505032584
2025-05-03 23:15:00,2,13,15.93,Motorcycle,202505032600
2025-05-03 23:30:00,1,13,63.73,Motorcycle,202505032616
2025-05-03 23:45:00,6,14,36.12,Bicycle,202505032632
2025-05-04 00:00:00,4,29,47.33,Van,202505040288
2025-05-04 00:15:00,4,8,48.22,Bicycle,202505040304
2025-05-04 00:30:00,2,21,55.14,Bus,202505040320
2025-05-04 00:45:00,2,24,65.76,Bicycle,202505040336
2025-05-04 01:00:00,3,5,24.52,Truck,202505040392
2025-05-04 01:15:00,4,19,45.38,Motorcycle,202505040408
2025-05-04 01:30:00,6,5,44.14,Truck,202505040424
2025-05-04 01:45:00,6,12,50.71,Motorcycle,202505040440
2025-05-04 02:00:00,4,11,40.45,Motorcycle,202505040496
2025-05-04 02:15:00,5,26,23.52,Bus,202505040512
2025-05-04 02:30:00,2,11,42.45,Truck,202505040528
2025-05-04 02:45:00,5,23,59.78,Van,202505040544
2025-05-04 03:00:00,5,9,23.72,Motorcycle,202505040600
2025-05-04 03:15:00,1,35,50.61,Bus,202505040616
2025-05-04 03:30:00,2,37,29.68,Truck,202505040632
2025-05-04 03:45:00,4,17,41.89,Car,202505040648
2025-05-04 04:00:00,2,18,31.43,Car,202505040704
2025-05-04 04:15:00,4,39,18.91,Bicycle,202505040720
2025-05-04 04:30:00,3,28,18.82,Motorcycle,202505040736
2025-05-04 04:45:00,2,11,26.15,Truck,202505040752
2025-05-04 05:00:00,6,38,21.1,Van,202505040808
2025-05-04 05:15:00,3,16,43.15,Motorcycle,202505040824
2025-05-04 05:30:00,4,13,18.11,Van,202505040840
2025-05-04 05:45:00,2,36,55.79,Van,202505040856
2025-05-04 06:00:00,3,8,22.63,Bus,202505040912
2025-05-04 06:15:00,5,11,47.52,Truck,202505040928
2025-05-04 06:30:00,2,11,66.8,Motorcycle,202505040944
2025-05-04 06:45:00,2,23,39.31,Van,202505040960
2025-05-04 07:00:00,1,39,52.96,Van,202505041016
2025-05-04 07:15:00,3,24,18.37,Van,202505041032
2025-05-04 07:30:00,1,8,59.67,Van,202505041048
2025-05-04 07:45:00,2,31,43.05,Bicycle,202505041064
2025-05-04 08:00:00,6,38,56.01,Van,202505041120
2025-05-04 08:15:00,1,10,32.85,Van,202505041136
2025-05-04 08:30:00,2,6,52.34,Truck,202505041152
2025-05-04 08:45:00,2,39,61.61,Bicycle,202505041168
2025-05-04 09:00:00,5,27,36.04,Motorcycle,202505041224
2025-05-04 09:15:00,6,8,15.25,Van,202505041240
2025-05-04 09:30:00,3,10,59.0,Car,202505041256
2025-05-04 09:45:00,4,27,43.89,Bicycle,202505041272
2025-05-04 10:00:00,6,13,54.75,Bicycle,202505041328
2025-05-04 10:15:00,3,6,59.96,Van,202505041344
2025-05-04 10:30:00,3,32,21.72,Truck,202505041360
2025-05-04 10:45:00,1,30,23.13,Van,202505041376
2025-05-04 11:00:00,5,15,65.95,Car,202505041432
2025-05-04 11:15:00,6,29,65.91,Bus,202505041448
2025-05-04 11:30:00,1,39,20.81,Truck,202505041464
2025-05-04 11:45:00,6,12,22.43,Van,202505041480
2025-05-04 12:00:00,6,20,26.97,Car,202505041536
2025-05-04 12:15:00,3,26,25.62,Motorcycle,202505041552
2025-05-04 12:30:00,6,35,65.92,Car,202505041568
2025-05-04 12:45:00,3,37,26.08,Truck,202505041584
2025-05-04 13:00:00,1,7,50.79,Bus,202505041640
2025-05-04 13:15:00,2,8,39.52,Van,202505041656
2025-05-04 13:30:00,1,16,65.28,Bicycle,202505041672
2025-05-04 13:45:00,3,6,44.47,Truck,202505041688
2025-05-04 14:00:00,1,37,57.46,Bus,202505041744
2025-05-04 14:15:00,5,10,46.42,Motorcycle,202505041760
2025-05-04 14:30:00,2,19,27.6,Bus,202505041776
2025-05-04 14:45:00,5,34,45.11,Motorcycle,202505041792
2025-05-04 15:00:00,5,10,66.49,Truck,202505041848
2025-05-04 15:15:00,5,32,29.79,Motorcycle,202505041864
2025-05-04 15:30:00,2,6,39.16,Bicycle,202505041880
2025-05-04 15:45:00,3,39,28.78,Motorcycle,202505041896
2025-05-04 16:00:00,5,8,25.18,Bicycle,202505041952
2025-05-04 16:15:00,5,36,58.03,Motorcycle,202505041968
2025-05-04 16:30:00,6,37,61.62,Bus,202505041984
2025-05-04 16:45:00,5,36,53.33,Bicycle,202505042000
2025-05-04 17:00:00,1,22,40.55,Bus,202505042056
2025-05-04 17:15:00,1,21,52.93,Truck,202505042072
2025-05-04 17:30:00,2,18,53.94,Car,202505042088
2025-05-04 17:45:00,4,21,58.45,Car,202505042104
2025-05-04 18:00:00,1,30,65.6,Bicycle,202505042160
2025-05-04 18:15:00,3,25,19.04,Bicycle,202505042176
2025-05-04 18:30:00,6,39,67.3,Truck,202505042192
2025-05-04 18:45:00,5,18,62.22,Truck,202505042208
2025-05-04 19:00:00,3,34,37.74,Truck,202505042264
2025-05-04 19:15:00,1,16,19.35,Car,202505042280
2025-05-04 19:30:00,6,38,68.1,Motorcycle,202505042296
2025-05-04 19:45:00,3,10,54.37,Bus,202505042312
2025-05-04 20:00:00,2,12,26.36,Truck,202505042368
2025-05-04 20:15:00,1,38,60.13,Car,202505042384
2025-05-04 20:30:00,5,10,45.33,Motorcycle,202505042400
2025-05-04 20:45:00,5,30,21.96,Bicycle,202505042416
2025-05-04 21:00:00,1,10,60.88,Bicycle,202505042472
2025-05-04 21:15:00,4,9,49.73,Car,202505042488
2025-05-04 21:30:00,3,36,17.9,Bus,202505042504
2025-05-04 21:45:00,5,14,54.32,Truck,202505042520
2025-05-04 22:00:00,5,19,47.16,Car,202505042576
2025-05-04 22:15:00,2,39,45.55,Bus,202505042592
2025-05-04 22:30:00,2,38,58.26,Car,202505042608
2025-05-04 22:45:00,6,33,44.93,Motorcycle,202505042624
2025-05-04 23:00:00,1,21,16.0,Motorcycle,202505042680
2025-05-04 23:15:00,6,17,33.48,Bus,202505042696
2025-05-04 23:30:00,6,31,21.29,Truck,202505042712
2025-05-04 23:45:00,5,35,52.53,Bus,202505042728
2025-05-05 00:00:00,1,22,18.23,Bicycle,202505050384
2025-05-05 00:15:00,3,29,58.29,Van,202505050400
2025-05-05 00:30:00,1,37,25.95,Truck,202505050416
2025-05-05 00:45:00,3,39,18.09,Truck,202505050432
2025-05-05 01:00:00,2,35,61.52,Truck,202505050488
2025-05-05 01:15:00,6,36,31.62,Bicycle,202505050504
2025-05-05 01:30:00,4,40,37.09,Truck,202505050520
2025-05-05 01:45:00,4,39,32.26,Bicycle,202505050536
2025-05-05 02:00:00,1,10,66.76,Van,202505050592
2025-05-05 02:15:00,4,36,60.58,Truck,202505050608
2025-05-05 02:30:00,4,30,52.85,Truck,202505050624
2025-05-05 02:45:00,4,29,22.52,Van,202505050640
2025-05-05 03:00:00,5,20,21.2,Van,202505050696
2025-05-05 03:15:00,2,15,34.62,Truck,202505050712
2025-05-05 03:30:00,4,37,20.27,Bicycle,202505050728
2025-05-05 03:45:00,2,13,29.29,Bicycle,202505050744
2025-05-05 04:00:00,1,31,39.25,Car,202505050800
2025-05-05 04:15:00,4,10,55.02,Car,202505050816
2025-05-05 04:30:00,1,28,63.8,Bicycle,202505050832
2025-05-05 04:45:00,4,15,63.54,Van,202505050848
2025-05-05 05:00:00,3,38,53.68,Van,202505050904
2025-05-05 05:15:00,1,5,31.2,Bus,202505050920
2025-05-05 05:30:00,2,35,20.29,Truck,202505050936
2025-05-05 05:45:00,1,14,27.92,Van,202505050952
2025-05-05 06:00:00,2,11,30.91,Bicycle,202505051008
2025-05-05 06:15:00,6,37,32.39,Bicycle,202505051024
2025-05-05 06:30:00,1,26,62.33,Motorcycle,202505051040
2025-05-05 06:45:00,6,8,49.36,Car,202505051056
2025-05-05 07:00:00,3,30,31.31,Car,202505051112
2025-05-05 07:15:00,3,16,15.06,Van,202505051128
2025-05-05 07:30:00,2,20,27.3,Truck,202505051144
2025-05-05 07:45:00,5,38,61.73,Car,202505051160
2025-05-05 08:00:00,5,14,36.98,Bus,202505051216
2025-05-05 08:15:00,6,32,22.04,Bicycle,202505051232
2025-05-05 08:30:00,1,29,63.78,Bicycle,202505051248
2025-05-05 08:45:00,5,16,57.53,Van,202505051264
2025-05-05 09:00:00,1,38,34.44,Bus,202505051320
2025-05-05 09:15:00,4,38,44.58,Bicycle,202505051336
2025-05-05 09:30:00,5,25,43.48,Van,202505051352
2025-05-05 09:45:00,3,26,15.68,Truck,202505051368
2025-05-05 10:00:00,5,23,69.26,Bus,202505051424
2025-05-05 10:15:00,4,23,17.85,Van,202505051440
2025-05-05 10:30:00,3,26,58.73,Bus,202505051456
2025-05-05 10:45:00,4,12,42.05,Truck,202505051472
2025-05-05 11:00:00,2,36,18.64,Motorcycle,202505051528
2025-05-05 11:15:00,2,23,18.98,Motorcycle,202505051544
2025-05-05 11:30:00,6,37,57.77,Car,202505051560
2025-05-05 11:45:00,6,35,24.1,Motorcycle,202505051576
2025-05-05 12:00:00,1,26,18.27,Motorcycle,202505051632
2025-05-05 12:15:00,1,10,31.62,Truck,202505051648
2025-05-05 12:30:00,6,33,57.71,Car,202505051664
2025-05-05 12:45:00,1,6,17.65,Motorcycle,202505051680
2025-05-05 13:00:00,4,31,39.72,Truck,202505051736
2025-05-05 13:15:00,5,40,62.01,Van,202505051752
2025-05-05 13:30:00,6,32,23.77,Van,202505051768
2025-05-05 13:45:00,4,23,40.84,Motorcycle,202505051784
2025-05-05 14:00:00,3,25,28.72,Van,202505051840
2025-05-05 14:15:00,1,28,32.56,Bicycle,202505051856
2025-05-05 14:30:00,5,39,37.19,Bus,202505051872
2025-05-05 14:45:00,1,33,19.94,Car,202505051888
2025-05-05 15:00:00,2,40,64.16,Van,202505051944
2025-05-05 15:15:00,2,34,40.27,Van,202505051960
2025-05-05 15:30:00,5,17,56.87,Bus,202505051976
2025-05-05 15:45:00,6,39,52.26,Car,202505051992
2025-05-05 16:00:00,4,28,57.63,Van,202505052048
2025-05-05 16:15:00,2,11,48.71,Car,202505052064
2025-05-05 16:30:00,6,34,65.4,Bus,202505052080
2025-05-05 16:45:00,1,37,67.66,Bus,202505052096
2025-05-05 17:00:00,1,21,65.16,Truck,202505052152
2025-05-05 17:15:00,4,6,17.43,Car,202505052168
2025-05-05 17:30:00,3,6,46.95,Bicycle,202505052184
2025-05-05 17:45:00,3,19,24.89,Car,202505052200
2025-05-05 18:00:00,3,19,42.0,Bus,202505052256
2025-05-05 18:15:00,4,17,65.39,Car,202505052272
2025-05-05 18:30:00,2,12,67.9,Truck,202505052288
2025-05-05 18:45:00,1,33,34.51,Bicycle,202505052304
2025-05-05 19:00:00,1,6,42.06,Bus,202505052360
2025-05-05 19:15:00,5,25,33.1,Motorcycle,202505052376
2025-05-05 19:30:00,3,18,28.96,Truck,202505052392
2025-05-05 19:45:00,3,26,16.09,Car,202505052408
2025-05-05 20:00:00,4,17,62.67,Bus,202505052464
2025-05-05 20:15:00,4,38,42.74,Bus,202505052480
2025-05-05 20:30:00,1,22,29.73,Bus,202505052496
2025-05-05 20:45:00,3,31,56.04,Truck,202505052512
2025-05-05 21:00:00,4,21,64.56,Bus,202505052568
2025-05-05 21:15:00,5,30,20.78,Bicycle,202505052584
2025-05-05 21:30:00,2,34,26.06,Van,202505052600
2025-05-05 21:45:00,4,34,18.97,Truck,202505052616
2025-05-05 22:00:00,5,6,57.74,Bus,202505052672
2025-05-05 22:15:00,3,25,21.34,Bus,202505052688
2025-05-05 22:30:00,2,34,61.63,Car,202505052704
2025-05-05 22:45:00,2,30,20.67,Van,202505052720
2025-05-05 23:00:00,2,17,24.68,Bus,202505052776
2025-05-05 23:15:00,5,19,49.46,Truck,202505052792
2025-05-05 23:30:00,4,25,17.64,Truck,202505052808
2025-05-05 23:45:00,3,28,24.87,Bus,202505052824
2025-05-06 00:00:00,6,23,56.45,Motorcycle,202505060480
2025-05-06 00:15:00,1,13,31.77,Truck,202505060496
2025-05-06 00:30:00,4,25,54.03,Van,202505060512
2025-05-06 00:45:00,1,14,19.46,Bus,202505060528
2025-05-06 01:00:00,4,17,17.61,Car,202505060584
2025-05-06 01:15:00,3,24,37.07,Truck,202505060600
2025-05-06 01:30:00,2,21,42.48,Van,202505060616
2025-05-06 01:45:00,4,19,31.73,Bus,202505060632
2025-05-06 02:00:00,1,34,30.04,Van,202505060688
2025-05-06 02:15:00,4,25,58.37,Car,202505060704
2025-05-06 02:30:00,3,26,62.28,Bus,202505060720
2025-05-06 02:45:00,5,20,23.5,Bus,202505060736
2025-05-06 03:00:00,1,40,64.43,Truck,202505060792
2025-05-06 03:15:00,4,7,44.86,Motorcycle,202505060808
2025-05-06 03:30:00,3,37,61.34,Car,202505060824
2025-05-06 03:45:00,5,17,41.1,Motorcycle,202505060840
2025-05-06 04:00:00,6,12,34.49,Bicycle,202505060896
2025-05-06 04:15:00,4,19,30.13,Bicycle,202505060912
2025-05-06 04:30:00,1,34,25.03,Motorcycle,202505060928
2025-05-06 04:45:00,6,31,45.07,Bicycle,202505060944
2025-05-06 05:00:00,1,7,28.67,Van,202505061000
2025-05-06 05:15:00,5,17,69.26,Bus,202505061016
2025-05-06 05:30:00,1,39,44.37,Car,202505061032
2025-05-06 05:45:00,5,36,36.05,Motorcycle,202505061048
2025-05-06 06:00:00,2,21,18.61,Car,202505061104
2025-05-06 06:15:00,3,33,58.16,Car,202505061120
2025-05-06 06:30:00,2,19,60.21,Bicycle,202505061136
2025-05-06 06:45:00,5,15,23.23,Truck,202505061152
2025-05-06 07:00:00,3,17,47.9,Bicycle,202505061208
2025-05-06 07:15:00,3,21,48.42,Car,202505061224
2025-05-06 07:30:00,3,5,55.06,Car,202505061240
2025-05-06 07:45:00,1,33,59.79,Bicycle,202505061256
2025-05-06 08:00:00,4,40,21.96,Motorcycle,202505061312
2025-05-06 08:15:00,4,37,26.79,Van,202505061328
2025-05-06 08:30:00,6,20,30.61,Motorcycle,202505061344
2025-05-06 08:45:00,6,13,60.72,Car,202505061360
2025-05-06 09:00:00,1,30,52.14,Motorcycle,202505061416
2025-05-06 09:15:00,5,22,35.18,Van,202505061432
2025-05-06 09:30:00,3,10,24.79,Van,202505061448
2025-05-06 09:45:00,2,9,42.33,Bicycle,202505061464
2025-05-06 10:00:00,1,30,23.82,Motorcycle,202505061520
2025-05-06 10:15:00,4,14,40.53,Truck,202505061536
2025-05-06 10:30:00,4,10,45.8,Bicycle,202505061552
2025-05-06 10:45:00,3,39,22.54,Motorcycle,202505061568
2025-05-06 11:00:00,4,21,26.46,Motorcycle,202505061624
2025-05-06 11:15:00,4,36,37.92,Car,202505061640
2025-05-06 11:30:00,4,7,55.29,Car,202505061656
2025-05-06 11:45:00,6,24,34.42,Van,202505061672
2025-05-06 12:00:00,1,18,66.08,Motorcycle,202505061728
2025-05-06 12:15:00,5,16,62.24,Bicycle,202505061744
2025-05-06 12:30:00,1,23,68.03,Bicycle,202505061760
2025-05-06 12:45:00,5,40,61.52,Bus,202505061776
2025-05-06 13:00:00,4,39,43.45,Van,202505061832
2025-05-06 13:15:00,6,6,54.66,Car,202505061848
2025-05-06 13:30:00,3,32,26.89,Car,202505061864
2025-05-06 13:45:00,1,7,29.32,Car,202505061880
2025-05-06 14:00:00,3,12,50.01,Bus,202505061936
2025-05-06 14:15:00,6,12,55.05,Motorcycle,202505061952
2025-05-06 14:30:00,3,39,38.36,Bicycle,202505061968
2025-05-06 14:45:00,4,23,56.47,Car,202505061984
2025-05-06 15:00:00,3,37,51.85,Truck,202505062040
2025-05-06 15:15:00,2,39,27.63,Motorcycle,202505062056
2025-05-06 15:30:00,5,30,28.83,Van,202505062072
2025-05-06 15:45:00,3,24,66.3,Motorcycle,202505062088
2025-05-06 16:00:00,4,6,38.13,Bicycle,202505062144
2025-05-06 16:15:00,1,13,17.0,Motorcycle,202505062160
2025-05-06 16:30:00,4,21,47.47,Truck,202505062176
2025-05-06 16:45:00,3,35,41.29,Bus,202505062192
2025-05-06 17:00:00,5,7,32.49,Motorcycle,202505062248
2025-05-06 17:15:00,4,29,42.72,Bus,202505062264
2025-05-06 17:30:00,4,36,59.36,Bus,202505062280
2025-05-06 17:45:00,2,7,60.71,Van,202505062296
2025-05-06 18:00:00,4,8,18.17,Motorcycle,202505062352
2025-05-06 18:15:00,4,5,66.83,Car,202505062368
2025-05-06 18:30:00,5,7,58.52,Car,202505062384
2025-05-06 18:45:00,2,17,56.83,Bus,202505062400
2025-05-06 19:00:00,5,5,36.87,Motorcycle,202505062456
2025-05-06 19:15:00,2,24,63.26,Van,202505062472
2025-05-06 19:30:00,3,24,31.63,Bus,202505062488
2025-05-06 19:45:00,6,9,35.36,Car,202505062504
2025-05-06 20:00:00,4,40,35.46,Van,202505062560
2025-05-06 20:15:00,5,30,53.75,Bicycle,202505062576
2025-05-06 20:30:00,6,39,49.29,Motorcycle,202505062592
2025-05-06 20:45:00,4,14,58.62,Motorcycle,202505062608
2025-05-06 21:00:00,3,31,23.27,Bicycle,202505062664
2025-05-06 21:15:00,2,20,49.89,Bicycle,202505062680
2025-05-06 21:30:00,5,29,46.02,Car,202505062696
2025-05-06 21:45:00,4,22,25.97,Motorcycle,202505062712
2025-05-06 22:00:00,4,38,23.99,Truck,202505062768
2025-05-06 22:15:00,3,19,38.16,Truck,202505062784
2025-05-06 22:30:00,4,19,36.12,Van,202505062800
2025-05-06 22:45:00,5,38,26.74,Truck,202505062816
2025-05-06 23:00:00,3,32,48.52,Truck,202505062872
2025-05-06 23:15:00,2,23,28.12,Car,202505062888
2025-05-06 23:30:00,5,34,56.17,Bus,202505062904
2025-05-06 23:45:00,2,6,52.18,Van,202505062920
2025-05-07 00:00:00,2,33,27.19,Bicycle,202505070576
2025-05-07 00:15:00,1,8,55.29,Van,202505070592
2025-05-07 00:30:00,2,29,24.26,Truck,202505070608
2025-05-07 00:45:00,5,14,67.71,Van,202505070624
2025-05-07 01:00:00,6,11,56.63,Van,202505070680
2025-05-07 01:15:00,1,6,19.16,Truck,202505070696
2025-05-07 01:30:00,6,40,68.9,Motorcycle,202505070712
2025-05-07 01:45:00,5,40,46.49,Bus,202505070728
2025-05-07 02:00:00,3,13,19.48,Motorcycle,202505070784
2025-05-07 02:15:00,5,22,60.65,Bus,202505070800
2025-05-07 02:30:00,1,38,54.38,Motorcycle,202505070816
2025-05-07 02:45:00,5,30,61.89,Bus,202505070832
2025-05-07 03:00:00,4,12,69.39,Motorcycle,202505070888
2025-05-07 03:15:00,3,5,53.04,Truck,202505070904
2025-05-07 03:30:00,4,24,49.71,Van,202505070920
2025-05-07 03:45:00,5,15,26.98,Van,202505070936
2025-05-07 04:00:00,3,32,15.11,Van,202505070992
2025-05-07 04:15:00,2,40,23.13,Motorcycle,202505071008
2025-05-07 04:30:00,6,28,15.89,Motorcycle,202505071024
2025-05-07 04:45:00,2,34,35.8,Bicycle,202505071040
2025-05-07 05:00:00,5,23,32.33,Car,202505071096
2025-05-07 05:15:00,2,25,28.27,Bus,202505071112
2025-05-07 05:30:00,4,14,60.56,Bus,202505071128
2025-05-07 05:45:00,3,18,40.1,Bicycle,202505071144
2025-05-07 06:00:00,5,9,54.61,Car,202505071200
2025-05-07 06:15:00,1,17,27.02,Bicycle,202505071216
2025-05-07 06:30:00,4,14,54.55,Bus,202505071232
2025-05-07 06:45:00,5,10,43.74,Truck,202505071248
2025-05-07 07:00:00,1,29,45.84,Van,202505071304
2025-05-07 07:15:00,2,7,66.03,Bicycle,202505071320
2025-05-07 07:30:00,5,34,68.2,Car,202505071336
2025-05-07 07:45:00,3,18,25.84,Truck,202505071352
2025-05-07 08:00:00,2,30,54.94,Truck,202505071408
2025-05-07 08:15:00,4,40,63.58,Car,202505071424
2025-05-07 08:30:00,2,24,35.43,Bus,202505071440
2025-05-07 08:45:00,3,16,43.83,Car,202505071456
2025-05-07 09:00:00,5,38,32.78,Van,202505071512
2025-05-07 09:15:00,3,31,28.7,Car,202505071528
2025-05-07 09:30:00,3,15,27.2,Van,202505071544
2025-05-07 09:45:00,6,14,29.47,Car,202505071560
2025-05-07 10:00:00,5,40,18.37,Van,202505071616
2025-05-07 10:15:00,6,40,59.6,Car,202505071632
2025-05-07 10:30:00,4,15,49.28,Bicycle,202505071648
2025-05-07 10:45:00,1,35,65.72,Bicycle,202505071664
2025-05-07 11:00:00,2,33,19.19,Bicycle,202505071720
2025-05-07 11:15:00,4,18,41.34,Van,202505071736
2025-05-07 11:30:00,6,36,45.96,Car,202505071752
2025-05-07 11:45:00,6,13,44.37,Truck,202505071768
2025-05-07 12:00:00,2,16,40.01,Motorcycle,202505071824
2025-05-07 12:15:00,4,32,22.87,Motorcycle,202505071840
2025-05-07 12:30:00,3,18,64.37,Bicycle,202505071856
2025-05-07 12:45:00,6,38,36.17,Bicycle,202505071872
2025-05-07 13:00:00,2,12,39.14,Van,202505071928
2025-05-07 13:15:00,4,14,56.85,Bicycle,202505071944
2025-05-07 13:30:00,5,29,35.02,Motorcycle,202505071960
2025-05-07 13:45:00,2,11,44.95,Van,202505071976
2025-05-07 14:00:00,4,25,50.79,Motorcycle,202505072032
2025-05-07 14:15:00,3,31,65.98,Motorcycle,202505072048
2025-05-07 14:30:00,5,10,54.42,Van,202505072064
2025-05-07 14:45:00,5,25,18.52,Motorcycle,202505072080
2025-05-07 15:00:00,5,8,41.83,Bus,202505072136
2025-05-07 15:15:00,5,9,23.24,Car,202505072152
2025-05-07 15:30:00,1,31,38.35,Motorcycle,202505072168
2025-05-07 15:45:00,2,18,65.9,Motorcycle,202505072184
2025-05-07 16:00:00,3,11,17.96,Car,202505072240
2025-05-07 16:15:00,2,24,40.59,Bicycle,202505072256
2025-05-07 16:30:00,1,25,35.51,Motorcycle,202505072272
2025-05-07 16:45:00,5,34,19.76,Truck,202505072288
2025-05-07 17:00:00,3,23,64.8,Truck,202505072344
2025-05-07 17:15:00,1,23,18.04,Van,202505072360
2025-05-07 17:30:00,2,12,45.31,Bus,202505072376
2025-05-07 17:45:00,6,34,49.79,Car,202505072392
2025-05-07 18:00:00,3,15,59.46,Truck,202505072448
2025-05-07 18:15:00,5,9,64.66,Bus,202505072464
2025-05-07 18:30:00,6,24,58.6,Motorcycle,202505072480
2025-05-07 18:45:00,6,35,61.5,Car,202505072496
2025-05-07 19:00:00,4,22,45.46,Motorcycle,202505072552
2025-05-07 19:15:00,6,20,62.74,Motorcycle,202505072568
2025-05-07 19:30:00,3,12,16.38,Bus,202505072584
2025-05-07 19:45:00,6,6,15.29,Bus,202505072600
2025-05-07 20:00:00,3,38,42.85,Motorcycle,202505072656
2025-05-07 20:15:00,4,37,29.58,Motorcycle,202505072672
2025-05-07 20:30:00,2,17,61.46,Van,202505072688
2025-05-07 20:45:00,4,21,53.42,Bus,202505072704
2025-05-07 21:00:00,3,6,30.74,Van,202505072760
2025-05-07 21:15:00,6,39,32.13,Car,202505072776
2025-05-07 21:30:00,4,22,65.7,Truck,202505072792
2025-05-07 21:45:00,3,16,39.62,Car,202505072808
2025-05-07 22:00:00,4,28,15.22,Bus,202505072864
2025-05-07 22:15:00,6,14,64.8,Car,202505072880
2025-05-07 22:30:00,1,8,25.19,Motorcycle,202505072896
2025-05-07 22:45:00,5,16,58.4,Van,202505072912
2025-05-07 23:00:00,6,5,68.95,Truck,202505072968
2025-05-07 23:15:00,6,9,48.75,Bicycle,202505072984
2025-05-07 23:30:00,5,22,31.88,Van,202505073000
2025-05-07 23:45:00,6,12,64.28,Car,202505073016
2025-05-08 00:00:00,6,38,54.79,Bicycle,202505080672
2025-05-08 00:15:00,2,18,64.7,Bicycle,202505080688
2025-05-08 00:30:00,5,5,37.65,Bus,202505080704
2025-05-08 00:45:00,4,39,40.66,Car,202505080720
2025-05-08 01:00:00,1,9,17.0,Van,202505080776
2025-05-08 01:15:00,1,8,61.17,Motorcycle,202505080792
2025-05-08 01:30:00,6,6,35.55,Van,202505080808
2025-05-08 01:45:00,4,8,45.28,Bicycle,202505080824
2025-05-08 02:00:00,5,39,56.78,Bicycle,202505080880
2025-05-08 02:15:00,6,5,67.43,Motorcycle,202505080896
2025-05-08 02:30:00,2,8,65.31,Bicycle,202505080912
2025-05-08 02:45:00,1,29,33.01,Van,202505080928
2025-05-08 03:00:00,4,40,69.75,Bus,202505080984
2025-05-08 03:15:00,2,32,60.81,Motorcycle,202505081000
2025-05-08 03:30:00,1,18,39.58,Truck,202505081016
2025-05-08 03:45:00,3,14,23.64,Bus,202505081032
2025-05-08 04:00:00,1,35,44.44,Truck,202505081088
2025-05-08 04:15:00,3,27,41.23,Car,202505081104
2025-05-08 04:30:00,4,7,45.93,Van,202505081120
2025-05-08 04:45:00,1,24,22.32,Truck,202505081136
2025-05-08 05:00:00,1,12,42.36,Van,202505081192
2025-05-08 05:15:00,1,21,65.15,Car,202505081208
2025-05-08 05:30:00,6,20,33.14,Truck,202505081224
2025-05-08 05:45:00,1,11,60.54,Van,202505081240
2025-05-08 06:00:00,1,10,50.05,Truck,202505081296
2025-05-08 06:15:00,3,25,25.22,Motorcycle,202505081312
2025-05-08 06:30:00,6,29,59.73,Car,202505081328
2025-05-08 06:45:00,4,36,58.69,Car,202505081344
2025-05-08 07:00:00,4,15,54.62,Car,202505081400
2025-05-08 07:15:00,2,11,66.44,Bicycle,202505081416
2025-05-08 07:30:00,2,40,65.47,Car,202505081432
2025-05-08 07:45:00,4,9,60.11,Van,202505081448
2025-05-08 08:00:00,1,18,67.51,Bicycle,202505081504
2025-05-08 08:15:00,4,30,47.11,Truck,202505081520
2025-05-08 08:30:00,6,32,64.14,Truck,202505081536
2025-05-08 08:45:00,3,37,68.58,Bicycle,202505081552
2025-05-08 09:00:00,5,9,43.56,Van,202505081608
2025-05-08 09:15:00,6,8,30.96,Bus,202505081624
2025-05-08 09:30:00,4,12,35.4,Truck,202505081640
2025-05-08 09:45:00,6,11,54.34,Bus,202505081656
2025-05-08 10:00:00,2,29,54.22,Motorcycle,202505081712
2025-05-08 10:15:00,5,39,46.73,Car,202505081728
2025-05-08 10:30:00,1,19,57.15,Truck,202505081744
2025-05-08 10:45:00,1,22,42.04,Truck,202505081760
2025-05-08 11:00:00,1,5,30.3,Car,202505081816
2025-05-08 11:15:00,4,32,44.08,Van,202505081832
2025-05-08 11:30:00,1,32,16.64,Truck,202505081848
2025-05-08 11:45:00,4,12,18.25,Truck,202505081864
2025-05-08 12:00:00,6,14,26.59,Truck,202505081920
2025-05-08 12:15:00,4,21,56.53,Truck,202505081936
2025-05-08 12:30:00,2,8,46.4,Car,202505081952
2025-05-08 12:45:00,5,15,54.46,Bus,202505081968
2025-05-08 13:00:00,6,21,42.97,Truck,202505082024
2025-05-08 13:15:00,4,24,69.06,Bus,202505082040
2025-05-08 13:30:00,1,30,32.91,Truck,202505082056
2025-05-08 13:45:00,5,29,27.72,Van,202505082072
2025-05-08 14:00:00,3,37,45.63,Bus,202505082128
2025-05-08 14:15:00,4,7,41.21,Van,202505082144
2025-05-08 14:30:00,6,40,59.23,Bicycle,202505082160
2025-05-08 14:45:00,5,24,64.11,Bicycle,202505082176
2025-05-08 15:00:00,3,11,25.17,Bus,202505082232
2025-05-08 15:15:00,6,34,55.49,Bicycle,202505082248
2025-05-08 15:30:00,6,7,23.26,Van,202505082264
2025-05-08 15:45:00,3,9,56.65,Bicycle,202505082280
2025-05-08 16:00:00,2,38,66.34,Bus,202505082336
2025-05-08 16:15:00,6,16,50.82,Bicycle,202505082352
2025-05-08 16:30:00,4,32,50.61,Motorcycle,202505082368
2025-05-08 16:45:00,3,7,48.59,Bicycle,202505082384
2025-05-08 17:00:00,4,24,21.55,Car,202505082440
2025-05-08 17:15:00,2,32,28.25,Van,202505082456
2025-05-08 17:30:00,2,19,66.12,Motorcycle,202505082472
2025-05-08 17:45:00,4,27,60.05,Motorcycle,202505082488
2025-05-08 18:00:00,5,22,48.7,Van,202505082544
2025-05-08 18:15:00,6,37,44.41,Van,202505082560
2025-05-08 18:30:00,5,18,52.48,Truck,202505082576
2025-05-08 18:45:00,2,18,15.78,Bicycle,202505082592
2025-05-08 19:00:00,2,32,27.9,Bicycle,202505082648
2025-05-08 19:15:00,2,9,22.25,Car,202505082664
2025-05-08 19:30:00,2,8,29.31,Truck,202505082680
2025-05-08 19:45:00,5,24,48.94,Van,202505082696
2025-05-08 20:00:00,6,9,63.63,Bicycle,202505082752
2025-05-08 20:15:00,5,23,60.84,Van,202505082768
2025-05-08 20:30:00,3,38,44.32,Motorcycle,202505082784
2025-05-08 20:45:00,5,10,24.99,Van,202505082800
2025-05-08 21:00:00,2,34,52.48,Car,202505082856
2025-05-08 21:15:00,6,33,68.21,Van,202505082872
2025-05-08 21:30:00,2,30,67.64,Truck,202505082888
2025-05-08 21:45:00,4,5,65.67,Motorcycle,202505082904
2025-05-08 22:00:00,1,22,44.95,Motorcycle,202505082960
2025-05-08 22:15:00,4,8,27.46,Van,202505082976
2025-05-08 22:30:00,2,12,23.62,Motorcycle,202505082992
2025-05-08 22:45:00,6,29,19.02,Truck,202505083008
2025-05-08 23:00:00,6,38,38.04,Van,202505083064
2025-05-08 23:15:00,2,22,34.96,Truck,202505083080
2025-05-08 23:30:00,3,25,52.98,Bus,202505083096
2025-05-08 23:45:00,2,16,54.11,Van,202505083112
2025-05-09 00:00:00,2,26,53.31,Motorcycle,202505090768
2025-05-09 00:15:00,1,6,15.87,Truck,202505090784
2025-05-09 00:30:00,1,27,34.94,Motorcycle,202505090800
2025-05-09 00:45:00,3,15,28.1,Car,202505090816
2025-05-09 01:00:00,3,20,67.01,Motorcycle,202505090872
2025-05-09 01:15:00,6,9,60.68,Motorcycle,202505090888
2025-05-09 01:30:00,3,10,18.88,Bicycle,202505090904
2025-05-09 01:45:00,3,7,21.78,Motorcycle,202505090920
2025-05-09 02:00:00,5,16,58.96,Car,202505090976
2025-05-09 02:15:00,6,8,28.38,Truck,202505090992
2025-05-09 02:30:00,3,39,48.18,Bicycle,202505091008
2025-05-09 02:45:00,1,17,18.0,Van,202505091024
2025-05-09 03:00:00,2,34,17.38,Bicycle,202505091080
2025-05-09 03:15:00,6,35,29.47,Van,202505091096
2025-05-09 03:30:00,1,10,68.35,Van,202505091112
2025-05-09 03:45:00,2,15,56.11,Truck,202505091128
2025-05-09 04:00:00,6,10,41.88,Truck,202505091184
2025-05-09 04:15:00,4,20,57.43,Car,202505091200
2025-05-09 04:30:00,5,18,57.35,Van,202505091216
2025-05-09 04:45:00,4,10,33.43,Bus,202505091232
2025-05-09 05:00:00,6,31,48.68,Bicycle,202505091288
2025-05-09 05:15:00,4,38,30.66,Truck,202505091304
2025-05-09 05:30:00,5,13,54.54,Truck,202505091320
2025-05-09 05:45:00,1,24,52.55,Bus,202505091336
2025-05-09 06:00:00,6,12,36.98,Bus,202505091392
2025-05-09 06:15:00,1,32,55.0,Truck,202505091408
2025-05-09 06:30:00,5,15,62.71,Motorcycle,202505091424
2025-05-09 06:45:00,4,37,43.98,Car,202505091440
2025-05-09 07:00:00,4,12,43.35,Van,202505091496
2025-05-09 07:15:00,1,22,38.69,Van,202505091512
2025-05-09 07:30:00,5,19,24.94,Motorcycle,202505091528
2025-05-09 07:45:00,5,29,20.94,Car,202505091544
2025-05-09 08:00:00,3,26,66.56,Bicycle,202505091600
2025-05-09 08:15:00,1,38,56.68,Motorcycle,202505091616
2025-05-09 08:30:00,5,10,63.21,Bus,202505091632
2025-05-09 08:45:00,5,31,37.79,Bicycle,202505091648
2025-05-09 09:00:00,1,27,15.65,Truck,202505091704
2025-05-09 09:15:00,1,6,33.68,Van,202505091720
2025-05-09 09:30:00,3,31,16.46,Bus,202505091736
2025-05-09 09:45:00,2,28,30.87,Motorcycle,202505091752
2025-05-09 10:00:00,1,14,30.68,Bicycle,202505091808
2025-05-09 10:15:00,1,9,43.61,Car,202505091824
2025-05-09 10:30:00,1,30,15.77,Truck,202505091840
2025-05-09 10:45:00,3,10,16.63,Car,202505091856
2025-05-09 11:00:00,2,36,27.91,Bus,202505091912
2025-05-09 11:15:00,5,12,30.14,Motorcycle,202505091928
2025-05-09 11:30:00,1,6,60.52,Bicycle,202505091944
2025-05-09 11:45:00,6,5,26.92,Car,202505091960
2025-05-09 12:00:00,2,19,63.58,Van,202505092016
2025-05-09 12:15:00,5,5,55.38,Motorcycle,202505092032
2025-05-09 12:30:00,4,36,42.37,Truck,202505092048
2025-05-09 12:45:00,6,27,47.91,Motorcycle,202505092064
2025-05-09 13:00:00,1,38,42.73,Car,202505092120
2025-05-09 13:15:00,2,19,49.15,Car,202505092136
2025-05-09 13:30:00,2,37,37.59,Bicycle,202505092152
2025-05-09 13:45:00,3,34,22.15,Van,202505092168
2025-05-09 14:00:00,2,33,31.51,Truck,202505092224
2025-05-09 14:15:00,6,21,47.1,Bicycle,202505092240
2025-05-09 14:30:00,4,40,45.53,Car,202505092256
2025-05-09 14:45:00,6,15,63.73,Car,202505092272
2025-05-09 15:00:00,6,40,60.69,Bus,202505092328
2025-05-09 15:15:00,6,32,36.07,Bicycle,202505092344
2025-05-09 15:30:00,4,18,51.8,Van,202505092360
2025-05-09 15:45:00,4,12,63.74,Truck,202505092376
2025-05-09 16:00:00,5,34,47.55,Car,202505092432
2025-05-09 16:15:00,3,28,32.33,Bicycle,202505092448
2025-05-09 16:30:00,2,25,47.99,Bicycle,202505092464
2025-05-09 16:45:00,4,7,35.88,Bicycle,202505092480
2025-05-09 17:00:00,1,27,35.72,Bicycle,202505092536
2025-05-09 17:15:00,3,10,38.53,Motorcycle,202505092552
2025-05-09 17:30:00,5,31,21.68,Van,202505092568
2025-05-09 17:45:00,2,16,47.97,Van,202505092584
2025-05-09 18:00:00,6,39,60.4,Car,202505092640
2025-05-09 18:15:00,1,40,48.73,Bicycle,202505092656
2025-05-09 18:30:00,3,17,31.13,Bicycle,202505092672
2025-05-09 18:45:00,5,21,27.99,Car,202505092688
2025-05-09 19:00:00,5,28,30.45,Motorcycle,202505092744
2025-05-09 19:15:00,5,18,37.53,Bicycle,202505092760
2025-05-09 19:30:00,4,38,20.69,Car,202505092776
2025-05-09 19:45:00,3,15,50.24,Van,202505092792
2025-05-09 20:00:00,5,14,30.63,Van,202505092848
2025-05-09 20:15:00,5,26,25.14,Truck,202505092864
2025-05-09 20:30:00,5,16,24.97,Bicycle,202505092880
2025-05-09 20:45:00,3,20,59.86,Van,202505092896
2025-05-09 21:00:00,2,25,17.73,Truck,202505092952
2025-05-09 21:15:00,5,8,34.53,Bicycle,202505092968
2025-05-09 21:30:00,4,13,51.26,Bus,202505092984
2025-05-09 21:45:00,6,29,40.48,Truck,202505093000
2025-05-09 22:00:00,2,37,58.86,Motorcycle,202505093056
2025-05-09 22:15:00,3,32,50.17,Truck,202505093072
2025-05-09 22:30:00,5,35,43.04,Car,202505093088
2025-05-09 22:45:00,4,35,55.83,Bus,202505093104
2025-05-09 23:00:00,5,36,22.09,Bicycle,202505093160
2025-05-09 23:15:00,6,22,20.11,Bus,202505093176
2025-05-09 23:30:00,4,40,50.4,Truck,202505093192
2025-05-09 23:45:00,5,38,39.18,Truck,202505093208
2025-05-10 00:00:00,6,34,56.63,Bus,202505100864
2025-05-10 00:15:00,2,24,55.83,Bicycle,202505100880
2025-05-10 00:30:00,3,33,61.81,Bus,202505100896
2025-05-10 00:45:00,3,10,15.78,Car,202505100912
2025-05-10 01:00:00,4,38,17.46,Bicycle,202505100968
2025-05-10 01:15:00,3,29,64.26,Bicycle,202505100984
2025-05-10 01:30:00,3,21,41.14,Truck,202505101000
2025-05-10 01:45:00,1,28,22.01,Van,202505101016
2025-05-10 02:00:00,2,17,21.55,Car,202505101072
2025-05-10 02:15:00,3,5,66.62,Bicycle,202505101088
2025-05-10 02:30:00,1,9,62.93,Truck,202505101104
2025-05-10 02:45:00,6,27,23.4,Bus,202505101120
2025-05-10 03:00:00,6,13,59.37,Motorcycle,202505101176
2025-05-10 03:15:00,2,35,45.34,Motorcycle,202505101192
2025-05-10 03:30:00,2,25,50.4,Van,202505101208
2025-05-10 03:45:00,2,24,49.62,Truck,202505101224
2025-05-10 04:00:00,4,32,55.47,Van,202505101280
2025-05-10 04:15:00,2,16,20.85,Bicycle,202505101296
2025-05-10 04:30:00,4,5,32.78,Motorcycle,202505101312
2025-05-10 04:45:00,5,9,65.96,Bicycle,202505101328
2025-05-10 05:00:00,2,16,47.41,Van,202505101384
2025-05-10 05:15:00,3,37,31.14,Bus,202505101400
2025-05-10 05:30:00,5,6,27.97,Bicycle,202505101416
2025-05-10 05:45:00,6,35,15.92,Motorcycle,202505101432
2025-05-10 06:00:00,3,30,33.17,Motorcycle,202505101488
2025-05-10 06:15:00,2,24,28.14,Bicycle,202505101504
2025-05-10 06:30:00,6,31,61.94,Truck,202505101520
2025-05-10 06:45:00,3,38,60.07,Bus,202505101536
2025-05-10 07:00:00,3,25,55.93,Car,202505101592
2025-05-10 07:15:00,1,37,65.0,Bicycle,202505101608
2025-05-10 07:30:00,4,7,24.63,Van,202505101624
2025-05-10 07:45:00,5,37,25.63,Van,202505101640
2025-05-10 08:00:00,5,10,43.29,Bus,202505101696
2025-05-10 08:15:00,3,38,21.22,Van,202505101712
2025-05-10 08:30:00,2,20,41.49,Bus,202505101728
2025-05-10 08:45:00,5,37,65.05,Van,202505101744
2025-05-10 09:00:00,4,6,49.14,Van,202505101800
2025-05-10 09:15:00,6,15,43.11,Motorcycle,202505101816
2025-05-10 09:30:00,3,29,68.03,Van,202505101832
2025-05-10 09:45:00,6,11,56.57,Motorcycle,202505101848
2025-05-10 10:00:00,5,25,60.22,Truck,202505101904
2025-05-10 10:15:00,6,16,18.42,Car,202505101920
2025-05-10 10:30:00,3,36,36.25,Van,202505101936
2025-05-10 10:45:00,2,18,69.85,Bicycle,202505101952
2025-05-10 11:00:00,3,12,37.99,Van,202505102008
2025-05-10 11:15:00,4,5,32.57,Car,202505102024
2025-05-10 11:30:00,3,15,39.57,Car,202505102040
2025-05-10 11:45:00,6,11,19.47,Bus,202505102056
2025-05-10 12:00:00,2,7,25.75,Bicycle,202505102112
2025-05-10 12:15:00,3,26,53.39,Car,202505102128
2025-05-10 12:30:00,2,11,17.39,Van,202505102144
2025-05-10 12:45:00,3,23,37.58,Bicycle,202505102160
2025-05-10 13:00:00,6,37,23.18,Car,202505102216
2025-05-10 13:15:00,4,21,67.72,Bus,202505102232
2025-05-10 13:30:00,2,15,42.72,Truck,202505102248
2025-05-10 13:45:00,5,26,54.78,Bicycle,202505102264
2025-05-10 14:00:00,1,33,31.43,Motorcycle,202505102320
2025-05-10 14:15:00,2,36,62.76,Car,202505102336
2025-05-10 14:30:00,2,29,41.13,Car,202505102352
2025-05-10 14:45:00,2,34,28.02,Truck,202505102368
2025-05-10 15:00:00,5,19,39.55,Bus,202505102424
2025-05-10 15:15:00,4,27,49.86,Van,202505102440
2025-05-10 15:30:00,5,5,45.07,Truck,202505102456
2025-05-10 15:45:00,2,24,40.76,Van,202505102472
2025-05-10 16:00:00,6,19,38.14,Bicycle,202505102528
2025-05-10 16:15:00,5,29,21.19,Truck,202505102544
2025-05-10 16:30:00,6,28,16.65,Bicycle,202505102560
2025-05-10 16:45:00,4,31,45.88,Bicycle,202505102576
2025-05-10 17:00:00,3,39,61.65,Car,202505102632
2025-05-10 17:15:00,3,19,34.18,Bicycle,202505102648
2025-05-10 17:30:00,4,19,39.36,Van,202505102664
2025-05-10 17:45:00,3,6,37.39,Car,202505102680
2025-05-10 18:00:00,3,29,16.33,Bus,202505102736
2025-05-10 18:15:00,6,13,58.57,Truck,202505102752
2025-05-10 18:30:00,2,17,36.13,Car,202505102768
2025-05-10 18:45:00,4,18,20.47,Bicycle,202505102784
2025-05-10 19:00:00,6,23,35.34,Van,202505102840
2025-05-10 19:15:00,4,13,33.44,Bicycle,202505102856
2025-05-10 19:30:00,2,21,68.3,Motorcycle,202505102872
2025-05-10 19:45:00,1,25,24.44,Bus,202505102888
2025-05-10 20:00:00,3,6,52.83,Motorcycle,202505102944
2025-05-10 20:15:00,6,17,64.24,Car,202505102960
2025-05-10 20:30:00,3,19,31.62,Motorcycle,202505102976
2025-05-10 20:45:00,4,9,44.6,Bus,202505102992
2025-05-10 21:00:00,4,39,26.61,Van,202505103048
2025-05-10 21:15:00,2,25,64.75,Car,202505103064
2025-05-10 21:30:00,5,20,38.75,Truck,202505103080
2025-05-10 21:45:00,3,8,56.04,Car,202505103096
2025-05-10 22:00:00,5,5,38.87,Truck,202505103152
2025-05-10 22:15:00,4,15,54.5,Van,202505103168
2025-05-10 22:30:00,6,39,53.84,Bus,202505103184
2025-05-10 22:45:00,1,27,19.23,Bicycle,202505103200
2025-05-10 23:00:00,5,28,56.8,Car,202505103256
2025-05-10 23:15:00,4,27,40.47,Bus,202505103272
2025-05-10 23:30:00,4,33,42.57,Car,202505103288
2025-05-10 23:45:00,3,27,39.26,Car,202505103304
2025-05-11 00:00:00,4,13,55.66,Bus,202505110960
2025-05-11 00:15:00,3,7,65.08,Car,202505110976
2025-05-11 00:30:00,6,10,45.72,Bicycle,202505110992
2025-05-11 00:45:00,1,10,59.29,Truck,202505111008
2025-05-11 01:00:00,4,8,57.32,Motorcycle,202505111064
2025-05-11 01:15:00,6,40,29.06,Bicycle,202505111080
2025-05-11 01:30:00,4,24,51.41,Car,202505111096
2025-05-11 01:45:00,6,12,26.17,Bicycle,202505111112
2025-05-11 02:00:00,6,11,61.44,Van,202505111168
2025-05-11 02:15:00,1,14,33.47,Bus,202505111184
2025-05-11 02:30:00,3,18,64.93,Car,202505111200
2025-05-11 02:45:00,1,9,37.62,Truck,202505111216
2025-05-11 03:00:00,5,18,22.38,Motorcycle,202505111272
2025-05-11 03:15:00,5,16,44.38,Truck,202505111288
2025-05-11 03:30:00,5,38,29.57,Van,202505111304
2025-05-11 03:45:00,4,10,32.26,Van,202505111320
2025-05-11 04:00:00,6,21,47.53,Van,202505111376
2025-05-11 04:15:00,6,24,62.56,Motorcycle,202505111392
2025-05-11 04:30:00,4,16,24.57,Bus,202505111408
2025-05-11 04:45:00,6,28,20.47,Truck,202505111424
2025-05-11 05:00:00,1,23,43.79,Car,202505111480
2025-05-11 05:15:00,6,23,61.63,Van,202505111496
2025-05-11 05:30:00,5,24,68.45,Bus,202505111512
2025-05-11 05:45:00,1,5,63.34,Motorcycle,202505111528
2025-05-11 06:00:00,4,38,15.35,Bicycle,202505111584
2025-05-11 06:15:00,6,31,30.58,Car,202505111600
2025-05-11 06:30:00,4,19,54.02,Truck,202505111616
2025-05-11 06:45:00,6,24,20.06,Van,202505111632
2025-05-11 07:00:00,6,30,35.42,Car,202505111688
2025-05-11 07:15:00,6,13,60.49,Bus,202505111704
2025-05-11 07:30:00,2,37,42.29,Bicycle,202505111720
2025-05-11 07:45:00,3,34,25.13,Bus,202505111736
2025-05-11 08:00:00,3,17,17.16,Bus,202505111792
2025-05-11 08:15:00,6,22,38.72,Bus,202505111808
2025-05-11 08:30:00,5,32,30.59,Van,202505111824
2025-05-11 08:45:00,5,27,34.12,Motorcycle,202505111840
2025-05-11 09:00:00,5,25,25.5,Bicycle,202505111896
2025-05-11 09:15:00,1,25,18.7,Bicycle,202505111912
2025-05-11 09:30:00,1,9,53.28,Bicycle,202505111928
2025-05-11 09:45:00,6,36,41.56,Motorcycle,202505111944